date,week_num,week_start_monday,week_end,year_week,week_range,weekday,abbreviated_weekday,month_start,month_num,month_year,quarter_number,quarter_text,year_start,year
2017-06-01,22,2017-05-29,2017-06-04,"2017, Week 22","May 29, 2017 to Jun 04, 2017 (Week 22)",Thursday,Thu,2017-06-01,6,June 2017,2,Q2 2017,2017-01-01,2017
2017-06-02,22,2017-05-29,2017-06-04,"2017, Week 22","May 29, 2017 to Jun 04, 2017 (Week 22)",Friday,Fri,2017-06-01,6,June 2017,2,Q2 2017,2017-01-01,2017
2017-06-03,22,2017-05-29,2017-06-04,"2017, Week 22","May 29, 2017 to Jun 04, 2017 (Week 22)",Saturday,Sat,2017-06-01,6,June 2017,2,Q2 2017,2017-01-01,2017
2017-06-04,22,2017-05-29,2017-06-04,"2017, Week 22","May 29, 2017 to Jun 04, 2017 (Week 22)",Sunday,Sun,2017-06-01,6,June 2017,2,Q2 2017,2017-01-01,2017
2017-06-05,23,2017-06-05,2017-06-11,"2017, Week 23","Jun 05, 2017 to Jun 11, 2017 (Week 23)",Monday,Mon,2017-06-01,6,June 2017,2,Q2 2017,2017-01-01,2017
2017-06-06,23,2017-06-05,2017-06-11,"2017, Week 23","Jun 05, 2017 to Jun 11, 2017 (Week 23)",Tuesday,Tue,2017-06-01,6,June 2017,2,Q2 2017,2017-01-01,2017
2017-06-07,23,2017-06-05,2017-06-11,"2017, Week 23","Jun 05, 2017 to Jun 11, 2017 (Week 23)",Wednesday,Wed,2017-06-01,6,June 2017,2,Q2 2017,2017-01-01,2017
2017-06-08,23,2017-06-05,2017-06-11,"2017, Week 23","Jun 05, 2017 to Jun 11, 2017 (Week 23)",Thursday,Thu,2017-06-01,6,June 2017,2,Q2 2017,2017-01-01,2017
2017-06-09,23,2017-06-05,2017-06-11,"2017, Week 23","Jun 05, 2017 to Jun 11, 2017 (Week 23)",Friday,Fri,2017-06-01,6,June 2017,2,Q2 2017,2017-01-01,2017
2017-06-10,23,2017-06-05,2017-06-11,"2017, Week 23","Jun 05, 2017 to Jun 11, 2017 (Week 23)",Saturday,Sat,2017-06-01,6,June 2017,2,Q2 2017,2017-01-01,2017
2017-06-11,23,2017-06-05,2017-06-11,"2017, Week 23","Jun 05, 2017 to Jun 11, 2017 (Week 23)",Sunday,Sun,2017-06-01,6,June 2017,2,Q2 2017,2017-01-01,2017
2017-06-12,24,2017-06-12,2017-06-18,"2017, Week 24","Jun 12, 2017 to Jun 18, 2017 (Week 24)",Monday,Mon,2017-06-01,6,June 2017,2,Q2 2017,2017-01-01,2017
2017-06-13,24,2017-06-12,2017-06-18,"2017, Week 24","Jun 12, 2017 to Jun 18, 2017 (Week 24)",Tuesday,Tue,2017-06-01,6,June 2017,2,Q2 2017,2017-01-01,2017
2017-06-14,24,2017-06-12,2017-06-18,"2017, Week 24","Jun 12, 2017 to Jun 18, 2017 (Week 24)",Wednesday,Wed,2017-06-01,6,June 2017,2,Q2 2017,2017-01-01,2017
2017-06-15,24,2017-06-12,2017-06-18,"2017, Week 24","Jun 12, 2017 to Jun 18, 2017 (Week 24)",Thursday,Thu,2017-06-01,6,June 2017,2,Q2 2017,2017-01-01,2017
2017-06-16,24,2017-06-12,2017-06-18,"2017, Week 24","Jun 12, 2017 to Jun 18, 2017 (Week 24)",Friday,Fri,2017-06-01,6,June 2017,2,Q2 2017,2017-01-01,2017
2017-06-17,24,2017-06-12,2017-06-18,"2017, Week 24","Jun 12, 2017 to Jun 18, 2017 (Week 24)",Saturday,Sat,2017-06-01,6,June 2017,2,Q2 2017,2017-01-01,2017
2017-06-18,24,2017-06-12,2017-06-18,"2017, Week 24","Jun 12, 2017 to Jun 18, 2017 (Week 24)",Sunday,Sun,2017-06-01,6,June 2017,2,Q2 2017,2017-01-01,2017
2017-06-19,25,2017-06-19,2017-06-25,"2017, Week 25","Jun 19, 2017 to Jun 25, 2017 (Week 25)",Monday,Mon,2017-06-01,6,June 2017,2,Q2 2017,2017-01-01,2017
2017-06-20,25,2017-06-19,2017-06-25,"2017, Week 25","Jun 19, 2017 to Jun 25, 2017 (Week 25)",Tuesday,Tue,2017-06-01,6,June 2017,2,Q2 2017,2017-01-01,2017
2017-06-21,25,2017-06-19,2017-06-25,"2017, Week 25","Jun 19, 2017 to Jun 25, 2017 (Week 25)",Wednesday,Wed,2017-06-01,6,June 2017,2,Q2 2017,2017-01-01,2017
2017-06-22,25,2017-06-19,2017-06-25,"2017, Week 25","Jun 19, 2017 to Jun 25, 2017 (Week 25)",Thursday,Thu,2017-06-01,6,June 2017,2,Q2 2017,2017-01-01,2017
2017-06-23,25,2017-06-19,2017-06-25,"2017, Week 25","Jun 19, 2017 to Jun 25, 2017 (Week 25)",Friday,Fri,2017-06-01,6,June 2017,2,Q2 2017,2017-01-01,2017
2017-06-24,25,2017-06-19,2017-06-25,"2017, Week 25","Jun 19, 2017 to Jun 25, 2017 (Week 25)",Saturday,Sat,2017-06-01,6,June 2017,2,Q2 2017,2017-01-01,2017
2017-06-25,25,2017-06-19,2017-06-25,"2017, Week 25","Jun 19, 2017 to Jun 25, 2017 (Week 25)",Sunday,Sun,2017-06-01,6,June 2017,2,Q2 2017,2017-01-01,2017
2017-06-26,26,2017-06-26,2017-07-02,"2017, Week 26","Jun 26, 2017 to Jul 02, 2017 (Week 26)",Monday,Mon,2017-06-01,6,June 2017,2,Q2 2017,2017-01-01,2017
2017-06-27,26,2017-06-26,2017-07-02,"2017, Week 26","Jun 26, 2017 to Jul 02, 2017 (Week 26)",Tuesday,Tue,2017-06-01,6,June 2017,2,Q2 2017,2017-01-01,2017
2017-06-28,26,2017-06-26,2017-07-02,"2017, Week 26","Jun 26, 2017 to Jul 02, 2017 (Week 26)",Wednesday,Wed,2017-06-01,6,June 2017,2,Q2 2017,2017-01-01,2017
2017-06-29,26,2017-06-26,2017-07-02,"2017, Week 26","Jun 26, 2017 to Jul 02, 2017 (Week 26)",Thursday,Thu,2017-06-01,6,June 2017,2,Q2 2017,2017-01-01,2017
2017-06-30,26,2017-06-26,2017-07-02,"2017, Week 26","Jun 26, 2017 to Jul 02, 2017 (Week 26)",Friday,Fri,2017-06-01,6,June 2017,2,Q2 2017,2017-01-01,2017
2017-07-01,26,2017-06-26,2017-07-02,"2017, Week 26","Jun 26, 2017 to Jul 02, 2017 (Week 26)",Saturday,Sat,2017-07-01,7,July 2017,3,Q3 2017,2017-01-01,2017
2017-07-02,26,2017-06-26,2017-07-02,"2017, Week 26","Jun 26, 2017 to Jul 02, 2017 (Week 26)",Sunday,Sun,2017-07-01,7,July 2017,3,Q3 2017,2017-01-01,2017
2017-07-03,27,2017-07-03,2017-07-09,"2017, Week 27","Jul 03, 2017 to Jul 09, 2017 (Week 27)",Monday,Mon,2017-07-01,7,July 2017,3,Q3 2017,2017-01-01,2017
2017-07-04,27,2017-07-03,2017-07-09,"2017, Week 27","Jul 03, 2017 to Jul 09, 2017 (Week 27)",Tuesday,Tue,2017-07-01,7,July 2017,3,Q3 2017,2017-01-01,2017
2017-07-05,27,2017-07-03,2017-07-09,"2017, Week 27","Jul 03, 2017 to Jul 09, 2017 (Week 27)",Wednesday,Wed,2017-07-01,7,July 2017,3,Q3 2017,2017-01-01,2017
2017-07-06,27,2017-07-03,2017-07-09,"2017, Week 27","Jul 03, 2017 to Jul 09, 2017 (Week 27)",Thursday,Thu,2017-07-01,7,July 2017,3,Q3 2017,2017-01-01,2017
2017-07-07,27,2017-07-03,2017-07-09,"2017, Week 27","Jul 03, 2017 to Jul 09, 2017 (Week 27)",Friday,Fri,2017-07-01,7,July 2017,3,Q3 2017,2017-01-01,2017
2017-07-08,27,2017-07-03,2017-07-09,"2017, Week 27","Jul 03, 2017 to Jul 09, 2017 (Week 27)",Saturday,Sat,2017-07-01,7,July 2017,3,Q3 2017,2017-01-01,2017
2017-07-09,27,2017-07-03,2017-07-09,"2017, Week 27","Jul 03, 2017 to Jul 09, 2017 (Week 27)",Sunday,Sun,2017-07-01,7,July 2017,3,Q3 2017,2017-01-01,2017
2017-07-10,28,2017-07-10,2017-07-16,"2017, Week 28","Jul 10, 2017 to Jul 16, 2017 (Week 28)",Monday,Mon,2017-07-01,7,July 2017,3,Q3 2017,2017-01-01,2017
2017-07-11,28,2017-07-10,2017-07-16,"2017, Week 28","Jul 10, 2017 to Jul 16, 2017 (Week 28)",Tuesday,Tue,2017-07-01,7,July 2017,3,Q3 2017,2017-01-01,2017
2017-07-12,28,2017-07-10,2017-07-16,"2017, Week 28","Jul 10, 2017 to Jul 16, 2017 (Week 28)",Wednesday,Wed,2017-07-01,7,July 2017,3,Q3 2017,2017-01-01,2017
2017-07-13,28,2017-07-10,2017-07-16,"2017, Week 28","Jul 10, 2017 to Jul 16, 2017 (Week 28)",Thursday,Thu,2017-07-01,7,July 2017,3,Q3 2017,2017-01-01,2017
2017-07-14,28,2017-07-10,2017-07-16,"2017, Week 28","Jul 10, 2017 to Jul 16, 2017 (Week 28)",Friday,Fri,2017-07-01,7,July 2017,3,Q3 2017,2017-01-01,2017
2017-07-15,28,2017-07-10,2017-07-16,"2017, Week 28","Jul 10, 2017 to Jul 16, 2017 (Week 28)",Saturday,Sat,2017-07-01,7,July 2017,3,Q3 2017,2017-01-01,2017
2017-07-16,28,2017-07-10,2017-07-16,"2017, Week 28","Jul 10, 2017 to Jul 16, 2017 (Week 28)",Sunday,Sun,2017-07-01,7,July 2017,3,Q3 2017,2017-01-01,2017
2017-07-17,29,2017-07-17,2017-07-23,"2017, Week 29","Jul 17, 2017 to Jul 23, 2017 (Week 29)",Monday,Mon,2017-07-01,7,July 2017,3,Q3 2017,2017-01-01,2017
2017-07-18,29,2017-07-17,2017-07-23,"2017, Week 29","Jul 17, 2017 to Jul 23, 2017 (Week 29)",Tuesday,Tue,2017-07-01,7,July 2017,3,Q3 2017,2017-01-01,2017
2017-07-19,29,2017-07-17,2017-07-23,"2017, Week 29","Jul 17, 2017 to Jul 23, 2017 (Week 29)",Wednesday,Wed,2017-07-01,7,July 2017,3,Q3 2017,2017-01-01,2017
2017-07-20,29,2017-07-17,2017-07-23,"2017, Week 29","Jul 17, 2017 to Jul 23, 2017 (Week 29)",Thursday,Thu,2017-07-01,7,July 2017,3,Q3 2017,2017-01-01,2017
2017-07-21,29,2017-07-17,2017-07-23,"2017, Week 29","Jul 17, 2017 to Jul 23, 2017 (Week 29)",Friday,Fri,2017-07-01,7,July 2017,3,Q3 2017,2017-01-01,2017
2017-07-22,29,2017-07-17,2017-07-23,"2017, Week 29","Jul 17, 2017 to Jul 23, 2017 (Week 29)",Saturday,Sat,2017-07-01,7,July 2017,3,Q3 2017,2017-01-01,2017
2017-07-23,29,2017-07-17,2017-07-23,"2017, Week 29","Jul 17, 2017 to Jul 23, 2017 (Week 29)",Sunday,Sun,2017-07-01,7,July 2017,3,Q3 2017,2017-01-01,2017
2017-07-24,30,2017-07-24,2017-07-30,"2017, Week 30","Jul 24, 2017 to Jul 30, 2017 (Week 30)",Monday,Mon,2017-07-01,7,July 2017,3,Q3 2017,2017-01-01,2017
2017-07-25,30,2017-07-24,2017-07-30,"2017, Week 30","Jul 24, 2017 to Jul 30, 2017 (Week 30)",Tuesday,Tue,2017-07-01,7,July 2017,3,Q3 2017,2017-01-01,2017
2017-07-26,30,2017-07-24,2017-07-30,"2017, Week 30","Jul 24, 2017 to Jul 30, 2017 (Week 30)",Wednesday,Wed,2017-07-01,7,July 2017,3,Q3 2017,2017-01-01,2017
2017-07-27,30,2017-07-24,2017-07-30,"2017, Week 30","Jul 24, 2017 to Jul 30, 2017 (Week 30)",Thursday,Thu,2017-07-01,7,July 2017,3,Q3 2017,2017-01-01,2017
2017-07-28,30,2017-07-24,2017-07-30,"2017, Week 30","Jul 24, 2017 to Jul 30, 2017 (Week 30)",Friday,Fri,2017-07-01,7,July 2017,3,Q3 2017,2017-01-01,2017
2017-07-29,30,2017-07-24,2017-07-30,"2017, Week 30","Jul 24, 2017 to Jul 30, 2017 (Week 30)",Saturday,Sat,2017-07-01,7,July 2017,3,Q3 2017,2017-01-01,2017
2017-07-30,30,2017-07-24,2017-07-30,"2017, Week 30","Jul 24, 2017 to Jul 30, 2017 (Week 30)",Sunday,Sun,2017-07-01,7,July 2017,3,Q3 2017,2017-01-01,2017
2017-07-31,31,2017-07-31,2017-08-06,"2017, Week 31","Jul 31, 2017 to Aug 06, 2017 (Week 31)",Monday,Mon,2017-07-01,7,July 2017,3,Q3 2017,2017-01-01,2017
2017-08-01,31,2017-07-31,2017-08-06,"2017, Week 31","Jul 31, 2017 to Aug 06, 2017 (Week 31)",Tuesday,Tue,2017-08-01,8,August 2017,3,Q3 2017,2017-01-01,2017
2017-08-02,31,2017-07-31,2017-08-06,"2017, Week 31","Jul 31, 2017 to Aug 06, 2017 (Week 31)",Wednesday,Wed,2017-08-01,8,August 2017,3,Q3 2017,2017-01-01,2017
2017-08-03,31,2017-07-31,2017-08-06,"2017, Week 31","Jul 31, 2017 to Aug 06, 2017 (Week 31)",Thursday,Thu,2017-08-01,8,August 2017,3,Q3 2017,2017-01-01,2017
2017-08-04,31,2017-07-31,2017-08-06,"2017, Week 31","Jul 31, 2017 to Aug 06, 2017 (Week 31)",Friday,Fri,2017-08-01,8,August 2017,3,Q3 2017,2017-01-01,2017
2017-08-05,31,2017-07-31,2017-08-06,"2017, Week 31","Jul 31, 2017 to Aug 06, 2017 (Week 31)",Saturday,Sat,2017-08-01,8,August 2017,3,Q3 2017,2017-01-01,2017
2017-08-06,31,2017-07-31,2017-08-06,"2017, Week 31","Jul 31, 2017 to Aug 06, 2017 (Week 31)",Sunday,Sun,2017-08-01,8,August 2017,3,Q3 2017,2017-01-01,2017
2017-08-07,32,2017-08-07,2017-08-13,"2017, Week 32","Aug 07, 2017 to Aug 13, 2017 (Week 32)",Monday,Mon,2017-08-01,8,August 2017,3,Q3 2017,2017-01-01,2017
2017-08-08,32,2017-08-07,2017-08-13,"2017, Week 32","Aug 07, 2017 to Aug 13, 2017 (Week 32)",Tuesday,Tue,2017-08-01,8,August 2017,3,Q3 2017,2017-01-01,2017
2017-08-09,32,2017-08-07,2017-08-13,"2017, Week 32","Aug 07, 2017 to Aug 13, 2017 (Week 32)",Wednesday,Wed,2017-08-01,8,August 2017,3,Q3 2017,2017-01-01,2017
2017-08-10,32,2017-08-07,2017-08-13,"2017, Week 32","Aug 07, 2017 to Aug 13, 2017 (Week 32)",Thursday,Thu,2017-08-01,8,August 2017,3,Q3 2017,2017-01-01,2017
2017-08-11,32,2017-08-07,2017-08-13,"2017, Week 32","Aug 07, 2017 to Aug 13, 2017 (Week 32)",Friday,Fri,2017-08-01,8,August 2017,3,Q3 2017,2017-01-01,2017
2017-08-12,32,2017-08-07,2017-08-13,"2017, Week 32","Aug 07, 2017 to Aug 13, 2017 (Week 32)",Saturday,Sat,2017-08-01,8,August 2017,3,Q3 2017,2017-01-01,2017
2017-08-13,32,2017-08-07,2017-08-13,"2017, Week 32","Aug 07, 2017 to Aug 13, 2017 (Week 32)",Sunday,Sun,2017-08-01,8,August 2017,3,Q3 2017,2017-01-01,2017
2017-08-14,33,2017-08-14,2017-08-20,"2017, Week 33","Aug 14, 2017 to Aug 20, 2017 (Week 33)",Monday,Mon,2017-08-01,8,August 2017,3,Q3 2017,2017-01-01,2017
2017-08-15,33,2017-08-14,2017-08-20,"2017, Week 33","Aug 14, 2017 to Aug 20, 2017 (Week 33)",Tuesday,Tue,2017-08-01,8,August 2017,3,Q3 2017,2017-01-01,2017
2017-08-16,33,2017-08-14,2017-08-20,"2017, Week 33","Aug 14, 2017 to Aug 20, 2017 (Week 33)",Wednesday,Wed,2017-08-01,8,August 2017,3,Q3 2017,2017-01-01,2017
2017-08-17,33,2017-08-14,2017-08-20,"2017, Week 33","Aug 14, 2017 to Aug 20, 2017 (Week 33)",Thursday,Thu,2017-08-01,8,August 2017,3,Q3 2017,2017-01-01,2017
2017-08-18,33,2017-08-14,2017-08-20,"2017, Week 33","Aug 14, 2017 to Aug 20, 2017 (Week 33)",Friday,Fri,2017-08-01,8,August 2017,3,Q3 2017,2017-01-01,2017
2017-08-19,33,2017-08-14,2017-08-20,"2017, Week 33","Aug 14, 2017 to Aug 20, 2017 (Week 33)",Saturday,Sat,2017-08-01,8,August 2017,3,Q3 2017,2017-01-01,2017
2017-08-20,33,2017-08-14,2017-08-20,"2017, Week 33","Aug 14, 2017 to Aug 20, 2017 (Week 33)",Sunday,Sun,2017-08-01,8,August 2017,3,Q3 2017,2017-01-01,2017
2017-08-21,34,2017-08-21,2017-08-27,"2017, Week 34","Aug 21, 2017 to Aug 27, 2017 (Week 34)",Monday,Mon,2017-08-01,8,August 2017,3,Q3 2017,2017-01-01,2017
2017-08-22,34,2017-08-21,2017-08-27,"2017, Week 34","Aug 21, 2017 to Aug 27, 2017 (Week 34)",Tuesday,Tue,2017-08-01,8,August 2017,3,Q3 2017,2017-01-01,2017
2017-08-23,34,2017-08-21,2017-08-27,"2017, Week 34","Aug 21, 2017 to Aug 27, 2017 (Week 34)",Wednesday,Wed,2017-08-01,8,August 2017,3,Q3 2017,2017-01-01,2017
2017-08-24,34,2017-08-21,2017-08-27,"2017, Week 34","Aug 21, 2017 to Aug 27, 2017 (Week 34)",Thursday,Thu,2017-08-01,8,August 2017,3,Q3 2017,2017-01-01,2017
2017-08-25,34,2017-08-21,2017-08-27,"2017, Week 34","Aug 21, 2017 to Aug 27, 2017 (Week 34)",Friday,Fri,2017-08-01,8,August 2017,3,Q3 2017,2017-01-01,2017
2017-08-26,34,2017-08-21,2017-08-27,"2017, Week 34","Aug 21, 2017 to Aug 27, 2017 (Week 34)",Saturday,Sat,2017-08-01,8,August 2017,3,Q3 2017,2017-01-01,2017
2017-08-27,34,2017-08-21,2017-08-27,"2017, Week 34","Aug 21, 2017 to Aug 27, 2017 (Week 34)",Sunday,Sun,2017-08-01,8,August 2017,3,Q3 2017,2017-01-01,2017
2017-08-28,35,2017-08-28,2017-09-03,"2017, Week 35","Aug 28, 2017 to Sep 03, 2017 (Week 35)",Monday,Mon,2017-08-01,8,August 2017,3,Q3 2017,2017-01-01,2017
2017-08-29,35,2017-08-28,2017-09-03,"2017, Week 35","Aug 28, 2017 to Sep 03, 2017 (Week 35)",Tuesday,Tue,2017-08-01,8,August 2017,3,Q3 2017,2017-01-01,2017
2017-08-30,35,2017-08-28,2017-09-03,"2017, Week 35","Aug 28, 2017 to Sep 03, 2017 (Week 35)",Wednesday,Wed,2017-08-01,8,August 2017,3,Q3 2017,2017-01-01,2017
2017-08-31,35,2017-08-28,2017-09-03,"2017, Week 35","Aug 28, 2017 to Sep 03, 2017 (Week 35)",Thursday,Thu,2017-08-01,8,August 2017,3,Q3 2017,2017-01-01,2017
2017-09-01,35,2017-08-28,2017-09-03,"2017, Week 35","Aug 28, 2017 to Sep 03, 2017 (Week 35)",Friday,Fri,2017-09-01,9,September 2017,3,Q3 2017,2017-01-01,2017
2017-09-02,35,2017-08-28,2017-09-03,"2017, Week 35","Aug 28, 2017 to Sep 03, 2017 (Week 35)",Saturday,Sat,2017-09-01,9,September 2017,3,Q3 2017,2017-01-01,2017
2017-09-03,35,2017-08-28,2017-09-03,"2017, Week 35","Aug 28, 2017 to Sep 03, 2017 (Week 35)",Sunday,Sun,2017-09-01,9,September 2017,3,Q3 2017,2017-01-01,2017
2017-09-04,36,2017-09-04,2017-09-10,"2017, Week 36","Sep 04, 2017 to Sep 10, 2017 (Week 36)",Monday,Mon,2017-09-01,9,September 2017,3,Q3 2017,2017-01-01,2017
2017-09-05,36,2017-09-04,2017-09-10,"2017, Week 36","Sep 04, 2017 to Sep 10, 2017 (Week 36)",Tuesday,Tue,2017-09-01,9,September 2017,3,Q3 2017,2017-01-01,2017
2017-09-06,36,2017-09-04,2017-09-10,"2017, Week 36","Sep 04, 2017 to Sep 10, 2017 (Week 36)",Wednesday,Wed,2017-09-01,9,September 2017,3,Q3 2017,2017-01-01,2017
2017-09-07,36,2017-09-04,2017-09-10,"2017, Week 36","Sep 04, 2017 to Sep 10, 2017 (Week 36)",Thursday,Thu,2017-09-01,9,September 2017,3,Q3 2017,2017-01-01,2017
2017-09-08,36,2017-09-04,2017-09-10,"2017, Week 36","Sep 04, 2017 to Sep 10, 2017 (Week 36)",Friday,Fri,2017-09-01,9,September 2017,3,Q3 2017,2017-01-01,2017
2017-09-09,36,2017-09-04,2017-09-10,"2017, Week 36","Sep 04, 2017 to Sep 10, 2017 (Week 36)",Saturday,Sat,2017-09-01,9,September 2017,3,Q3 2017,2017-01-01,2017
2017-09-10,36,2017-09-04,2017-09-10,"2017, Week 36","Sep 04, 2017 to Sep 10, 2017 (Week 36)",Sunday,Sun,2017-09-01,9,September 2017,3,Q3 2017,2017-01-01,2017
2017-09-11,37,2017-09-11,2017-09-17,"2017, Week 37","Sep 11, 2017 to Sep 17, 2017 (Week 37)",Monday,Mon,2017-09-01,9,September 2017,3,Q3 2017,2017-01-01,2017
2017-09-12,37,2017-09-11,2017-09-17,"2017, Week 37","Sep 11, 2017 to Sep 17, 2017 (Week 37)",Tuesday,Tue,2017-09-01,9,September 2017,3,Q3 2017,2017-01-01,2017
2017-09-13,37,2017-09-11,2017-09-17,"2017, Week 37","Sep 11, 2017 to Sep 17, 2017 (Week 37)",Wednesday,Wed,2017-09-01,9,September 2017,3,Q3 2017,2017-01-01,2017
2017-09-14,37,2017-09-11,2017-09-17,"2017, Week 37","Sep 11, 2017 to Sep 17, 2017 (Week 37)",Thursday,Thu,2017-09-01,9,September 2017,3,Q3 2017,2017-01-01,2017
2017-09-15,37,2017-09-11,2017-09-17,"2017, Week 37","Sep 11, 2017 to Sep 17, 2017 (Week 37)",Friday,Fri,2017-09-01,9,September 2017,3,Q3 2017,2017-01-01,2017
2017-09-16,37,2017-09-11,2017-09-17,"2017, Week 37","Sep 11, 2017 to Sep 17, 2017 (Week 37)",Saturday,Sat,2017-09-01,9,September 2017,3,Q3 2017,2017-01-01,2017
2017-09-17,37,2017-09-11,2017-09-17,"2017, Week 37","Sep 11, 2017 to Sep 17, 2017 (Week 37)",Sunday,Sun,2017-09-01,9,September 2017,3,Q3 2017,2017-01-01,2017
2017-09-18,38,2017-09-18,2017-09-24,"2017, Week 38","Sep 18, 2017 to Sep 24, 2017 (Week 38)",Monday,Mon,2017-09-01,9,September 2017,3,Q3 2017,2017-01-01,2017
2017-09-19,38,2017-09-18,2017-09-24,"2017, Week 38","Sep 18, 2017 to Sep 24, 2017 (Week 38)",Tuesday,Tue,2017-09-01,9,September 2017,3,Q3 2017,2017-01-01,2017
2017-09-20,38,2017-09-18,2017-09-24,"2017, Week 38","Sep 18, 2017 to Sep 24, 2017 (Week 38)",Wednesday,Wed,2017-09-01,9,September 2017,3,Q3 2017,2017-01-01,2017
2017-09-21,38,2017-09-18,2017-09-24,"2017, Week 38","Sep 18, 2017 to Sep 24, 2017 (Week 38)",Thursday,Thu,2017-09-01,9,September 2017,3,Q3 2017,2017-01-01,2017
2017-09-22,38,2017-09-18,2017-09-24,"2017, Week 38","Sep 18, 2017 to Sep 24, 2017 (Week 38)",Friday,Fri,2017-09-01,9,September 2017,3,Q3 2017,2017-01-01,2017
2017-09-23,38,2017-09-18,2017-09-24,"2017, Week 38","Sep 18, 2017 to Sep 24, 2017 (Week 38)",Saturday,Sat,2017-09-01,9,September 2017,3,Q3 2017,2017-01-01,2017
2017-09-24,38,2017-09-18,2017-09-24,"2017, Week 38","Sep 18, 2017 to Sep 24, 2017 (Week 38)",Sunday,Sun,2017-09-01,9,September 2017,3,Q3 2017,2017-01-01,2017
2017-09-25,39,2017-09-25,2017-10-01,"2017, Week 39","Sep 25, 2017 to Oct 01, 2017 (Week 39)",Monday,Mon,2017-09-01,9,September 2017,3,Q3 2017,2017-01-01,2017
2017-09-26,39,2017-09-25,2017-10-01,"2017, Week 39","Sep 25, 2017 to Oct 01, 2017 (Week 39)",Tuesday,Tue,2017-09-01,9,September 2017,3,Q3 2017,2017-01-01,2017
2017-09-27,39,2017-09-25,2017-10-01,"2017, Week 39","Sep 25, 2017 to Oct 01, 2017 (Week 39)",Wednesday,Wed,2017-09-01,9,September 2017,3,Q3 2017,2017-01-01,2017
2017-09-28,39,2017-09-25,2017-10-01,"2017, Week 39","Sep 25, 2017 to Oct 01, 2017 (Week 39)",Thursday,Thu,2017-09-01,9,September 2017,3,Q3 2017,2017-01-01,2017
2017-09-29,39,2017-09-25,2017-10-01,"2017, Week 39","Sep 25, 2017 to Oct 01, 2017 (Week 39)",Friday,Fri,2017-09-01,9,September 2017,3,Q3 2017,2017-01-01,2017
2017-09-30,39,2017-09-25,2017-10-01,"2017, Week 39","Sep 25, 2017 to Oct 01, 2017 (Week 39)",Saturday,Sat,2017-09-01,9,September 2017,3,Q3 2017,2017-01-01,2017
2017-10-01,39,2017-09-25,2017-10-01,"2017, Week 39","Sep 25, 2017 to Oct 01, 2017 (Week 39)",Sunday,Sun,2017-10-01,10,October 2017,4,Q4 2017,2017-01-01,2017
2017-10-02,40,2017-10-02,2017-10-08,"2017, Week 40","Oct 02, 2017 to Oct 08, 2017 (Week 40)",Monday,Mon,2017-10-01,10,October 2017,4,Q4 2017,2017-01-01,2017
2017-10-03,40,2017-10-02,2017-10-08,"2017, Week 40","Oct 02, 2017 to Oct 08, 2017 (Week 40)",Tuesday,Tue,2017-10-01,10,October 2017,4,Q4 2017,2017-01-01,2017
2017-10-04,40,2017-10-02,2017-10-08,"2017, Week 40","Oct 02, 2017 to Oct 08, 2017 (Week 40)",Wednesday,Wed,2017-10-01,10,October 2017,4,Q4 2017,2017-01-01,2017
2017-10-05,40,2017-10-02,2017-10-08,"2017, Week 40","Oct 02, 2017 to Oct 08, 2017 (Week 40)",Thursday,Thu,2017-10-01,10,October 2017,4,Q4 2017,2017-01-01,2017
2017-10-06,40,2017-10-02,2017-10-08,"2017, Week 40","Oct 02, 2017 to Oct 08, 2017 (Week 40)",Friday,Fri,2017-10-01,10,October 2017,4,Q4 2017,2017-01-01,2017
2017-10-07,40,2017-10-02,2017-10-08,"2017, Week 40","Oct 02, 2017 to Oct 08, 2017 (Week 40)",Saturday,Sat,2017-10-01,10,October 2017,4,Q4 2017,2017-01-01,2017
2017-10-08,40,2017-10-02,2017-10-08,"2017, Week 40","Oct 02, 2017 to Oct 08, 2017 (Week 40)",Sunday,Sun,2017-10-01,10,October 2017,4,Q4 2017,2017-01-01,2017
2017-10-09,41,2017-10-09,2017-10-15,"2017, Week 41","Oct 09, 2017 to Oct 15, 2017 (Week 41)",Monday,Mon,2017-10-01,10,October 2017,4,Q4 2017,2017-01-01,2017
2017-10-10,41,2017-10-09,2017-10-15,"2017, Week 41","Oct 09, 2017 to Oct 15, 2017 (Week 41)",Tuesday,Tue,2017-10-01,10,October 2017,4,Q4 2017,2017-01-01,2017
2017-10-11,41,2017-10-09,2017-10-15,"2017, Week 41","Oct 09, 2017 to Oct 15, 2017 (Week 41)",Wednesday,Wed,2017-10-01,10,October 2017,4,Q4 2017,2017-01-01,2017
2017-10-12,41,2017-10-09,2017-10-15,"2017, Week 41","Oct 09, 2017 to Oct 15, 2017 (Week 41)",Thursday,Thu,2017-10-01,10,October 2017,4,Q4 2017,2017-01-01,2017
2017-10-13,41,2017-10-09,2017-10-15,"2017, Week 41","Oct 09, 2017 to Oct 15, 2017 (Week 41)",Friday,Fri,2017-10-01,10,October 2017,4,Q4 2017,2017-01-01,2017
2017-10-14,41,2017-10-09,2017-10-15,"2017, Week 41","Oct 09, 2017 to Oct 15, 2017 (Week 41)",Saturday,Sat,2017-10-01,10,October 2017,4,Q4 2017,2017-01-01,2017
2017-10-15,41,2017-10-09,2017-10-15,"2017, Week 41","Oct 09, 2017 to Oct 15, 2017 (Week 41)",Sunday,Sun,2017-10-01,10,October 2017,4,Q4 2017,2017-01-01,2017
2017-10-16,42,2017-10-16,2017-10-22,"2017, Week 42","Oct 16, 2017 to Oct 22, 2017 (Week 42)",Monday,Mon,2017-10-01,10,October 2017,4,Q4 2017,2017-01-01,2017
2017-10-17,42,2017-10-16,2017-10-22,"2017, Week 42","Oct 16, 2017 to Oct 22, 2017 (Week 42)",Tuesday,Tue,2017-10-01,10,October 2017,4,Q4 2017,2017-01-01,2017
2017-10-18,42,2017-10-16,2017-10-22,"2017, Week 42","Oct 16, 2017 to Oct 22, 2017 (Week 42)",Wednesday,Wed,2017-10-01,10,October 2017,4,Q4 2017,2017-01-01,2017
2017-10-19,42,2017-10-16,2017-10-22,"2017, Week 42","Oct 16, 2017 to Oct 22, 2017 (Week 42)",Thursday,Thu,2017-10-01,10,October 2017,4,Q4 2017,2017-01-01,2017
2017-10-20,42,2017-10-16,2017-10-22,"2017, Week 42","Oct 16, 2017 to Oct 22, 2017 (Week 42)",Friday,Fri,2017-10-01,10,October 2017,4,Q4 2017,2017-01-01,2017
2017-10-21,42,2017-10-16,2017-10-22,"2017, Week 42","Oct 16, 2017 to Oct 22, 2017 (Week 42)",Saturday,Sat,2017-10-01,10,October 2017,4,Q4 2017,2017-01-01,2017
2017-10-22,42,2017-10-16,2017-10-22,"2017, Week 42","Oct 16, 2017 to Oct 22, 2017 (Week 42)",Sunday,Sun,2017-10-01,10,October 2017,4,Q4 2017,2017-01-01,2017
2017-10-23,43,2017-10-23,2017-10-29,"2017, Week 43","Oct 23, 2017 to Oct 29, 2017 (Week 43)",Monday,Mon,2017-10-01,10,October 2017,4,Q4 2017,2017-01-01,2017
2017-10-24,43,2017-10-23,2017-10-29,"2017, Week 43","Oct 23, 2017 to Oct 29, 2017 (Week 43)",Tuesday,Tue,2017-10-01,10,October 2017,4,Q4 2017,2017-01-01,2017
2017-10-25,43,2017-10-23,2017-10-29,"2017, Week 43","Oct 23, 2017 to Oct 29, 2017 (Week 43)",Wednesday,Wed,2017-10-01,10,October 2017,4,Q4 2017,2017-01-01,2017
2017-10-26,43,2017-10-23,2017-10-29,"2017, Week 43","Oct 23, 2017 to Oct 29, 2017 (Week 43)",Thursday,Thu,2017-10-01,10,October 2017,4,Q4 2017,2017-01-01,2017
2017-10-27,43,2017-10-23,2017-10-29,"2017, Week 43","Oct 23, 2017 to Oct 29, 2017 (Week 43)",Friday,Fri,2017-10-01,10,October 2017,4,Q4 2017,2017-01-01,2017
2017-10-28,43,2017-10-23,2017-10-29,"2017, Week 43","Oct 23, 2017 to Oct 29, 2017 (Week 43)",Saturday,Sat,2017-10-01,10,October 2017,4,Q4 2017,2017-01-01,2017
2017-10-29,43,2017-10-23,2017-10-29,"2017, Week 43","Oct 23, 2017 to Oct 29, 2017 (Week 43)",Sunday,Sun,2017-10-01,10,October 2017,4,Q4 2017,2017-01-01,2017
2017-10-30,44,2017-10-30,2017-11-05,"2017, Week 44","Oct 30, 2017 to Nov 05, 2017 (Week 44)",Monday,Mon,2017-10-01,10,October 2017,4,Q4 2017,2017-01-01,2017
2017-10-31,44,2017-10-30,2017-11-05,"2017, Week 44","Oct 30, 2017 to Nov 05, 2017 (Week 44)",Tuesday,Tue,2017-10-01,10,October 2017,4,Q4 2017,2017-01-01,2017
2017-11-01,44,2017-10-30,2017-11-05,"2017, Week 44","Oct 30, 2017 to Nov 05, 2017 (Week 44)",Wednesday,Wed,2017-11-01,11,November 2017,4,Q4 2017,2017-01-01,2017
2017-11-02,44,2017-10-30,2017-11-05,"2017, Week 44","Oct 30, 2017 to Nov 05, 2017 (Week 44)",Thursday,Thu,2017-11-01,11,November 2017,4,Q4 2017,2017-01-01,2017
2017-11-03,44,2017-10-30,2017-11-05,"2017, Week 44","Oct 30, 2017 to Nov 05, 2017 (Week 44)",Friday,Fri,2017-11-01,11,November 2017,4,Q4 2017,2017-01-01,2017
2017-11-04,44,2017-10-30,2017-11-05,"2017, Week 44","Oct 30, 2017 to Nov 05, 2017 (Week 44)",Saturday,Sat,2017-11-01,11,November 2017,4,Q4 2017,2017-01-01,2017
2017-11-05,44,2017-10-30,2017-11-05,"2017, Week 44","Oct 30, 2017 to Nov 05, 2017 (Week 44)",Sunday,Sun,2017-11-01,11,November 2017,4,Q4 2017,2017-01-01,2017
2017-11-06,45,2017-11-06,2017-11-12,"2017, Week 45","Nov 06, 2017 to Nov 12, 2017 (Week 45)",Monday,Mon,2017-11-01,11,November 2017,4,Q4 2017,2017-01-01,2017
2017-11-07,45,2017-11-06,2017-11-12,"2017, Week 45","Nov 06, 2017 to Nov 12, 2017 (Week 45)",Tuesday,Tue,2017-11-01,11,November 2017,4,Q4 2017,2017-01-01,2017
2017-11-08,45,2017-11-06,2017-11-12,"2017, Week 45","Nov 06, 2017 to Nov 12, 2017 (Week 45)",Wednesday,Wed,2017-11-01,11,November 2017,4,Q4 2017,2017-01-01,2017
2017-11-09,45,2017-11-06,2017-11-12,"2017, Week 45","Nov 06, 2017 to Nov 12, 2017 (Week 45)",Thursday,Thu,2017-11-01,11,November 2017,4,Q4 2017,2017-01-01,2017
2017-11-10,45,2017-11-06,2017-11-12,"2017, Week 45","Nov 06, 2017 to Nov 12, 2017 (Week 45)",Friday,Fri,2017-11-01,11,November 2017,4,Q4 2017,2017-01-01,2017
2017-11-11,45,2017-11-06,2017-11-12,"2017, Week 45","Nov 06, 2017 to Nov 12, 2017 (Week 45)",Saturday,Sat,2017-11-01,11,November 2017,4,Q4 2017,2017-01-01,2017
2017-11-12,45,2017-11-06,2017-11-12,"2017, Week 45","Nov 06, 2017 to Nov 12, 2017 (Week 45)",Sunday,Sun,2017-11-01,11,November 2017,4,Q4 2017,2017-01-01,2017
2017-11-13,46,2017-11-13,2017-11-19,"2017, Week 46","Nov 13, 2017 to Nov 19, 2017 (Week 46)",Monday,Mon,2017-11-01,11,November 2017,4,Q4 2017,2017-01-01,2017
2017-11-14,46,2017-11-13,2017-11-19,"2017, Week 46","Nov 13, 2017 to Nov 19, 2017 (Week 46)",Tuesday,Tue,2017-11-01,11,November 2017,4,Q4 2017,2017-01-01,2017
2017-11-15,46,2017-11-13,2017-11-19,"2017, Week 46","Nov 13, 2017 to Nov 19, 2017 (Week 46)",Wednesday,Wed,2017-11-01,11,November 2017,4,Q4 2017,2017-01-01,2017
2017-11-16,46,2017-11-13,2017-11-19,"2017, Week 46","Nov 13, 2017 to Nov 19, 2017 (Week 46)",Thursday,Thu,2017-11-01,11,November 2017,4,Q4 2017,2017-01-01,2017
2017-11-17,46,2017-11-13,2017-11-19,"2017, Week 46","Nov 13, 2017 to Nov 19, 2017 (Week 46)",Friday,Fri,2017-11-01,11,November 2017,4,Q4 2017,2017-01-01,2017
2017-11-18,46,2017-11-13,2017-11-19,"2017, Week 46","Nov 13, 2017 to Nov 19, 2017 (Week 46)",Saturday,Sat,2017-11-01,11,November 2017,4,Q4 2017,2017-01-01,2017
2017-11-19,46,2017-11-13,2017-11-19,"2017, Week 46","Nov 13, 2017 to Nov 19, 2017 (Week 46)",Sunday,Sun,2017-11-01,11,November 2017,4,Q4 2017,2017-01-01,2017
2017-11-20,47,2017-11-20,2017-11-26,"2017, Week 47","Nov 20, 2017 to Nov 26, 2017 (Week 47)",Monday,Mon,2017-11-01,11,November 2017,4,Q4 2017,2017-01-01,2017
2017-11-21,47,2017-11-20,2017-11-26,"2017, Week 47","Nov 20, 2017 to Nov 26, 2017 (Week 47)",Tuesday,Tue,2017-11-01,11,November 2017,4,Q4 2017,2017-01-01,2017
2017-11-22,47,2017-11-20,2017-11-26,"2017, Week 47","Nov 20, 2017 to Nov 26, 2017 (Week 47)",Wednesday,Wed,2017-11-01,11,November 2017,4,Q4 2017,2017-01-01,2017
2017-11-23,47,2017-11-20,2017-11-26,"2017, Week 47","Nov 20, 2017 to Nov 26, 2017 (Week 47)",Thursday,Thu,2017-11-01,11,November 2017,4,Q4 2017,2017-01-01,2017
2017-11-24,47,2017-11-20,2017-11-26,"2017, Week 47","Nov 20, 2017 to Nov 26, 2017 (Week 47)",Friday,Fri,2017-11-01,11,November 2017,4,Q4 2017,2017-01-01,2017
2017-11-25,47,2017-11-20,2017-11-26,"2017, Week 47","Nov 20, 2017 to Nov 26, 2017 (Week 47)",Saturday,Sat,2017-11-01,11,November 2017,4,Q4 2017,2017-01-01,2017
2017-11-26,47,2017-11-20,2017-11-26,"2017, Week 47","Nov 20, 2017 to Nov 26, 2017 (Week 47)",Sunday,Sun,2017-11-01,11,November 2017,4,Q4 2017,2017-01-01,2017
2017-11-27,48,2017-11-27,2017-12-03,"2017, Week 48","Nov 27, 2017 to Dec 03, 2017 (Week 48)",Monday,Mon,2017-11-01,11,November 2017,4,Q4 2017,2017-01-01,2017
2017-11-28,48,2017-11-27,2017-12-03,"2017, Week 48","Nov 27, 2017 to Dec 03, 2017 (Week 48)",Tuesday,Tue,2017-11-01,11,November 2017,4,Q4 2017,2017-01-01,2017
2017-11-29,48,2017-11-27,2017-12-03,"2017, Week 48","Nov 27, 2017 to Dec 03, 2017 (Week 48)",Wednesday,Wed,2017-11-01,11,November 2017,4,Q4 2017,2017-01-01,2017
2017-11-30,48,2017-11-27,2017-12-03,"2017, Week 48","Nov 27, 2017 to Dec 03, 2017 (Week 48)",Thursday,Thu,2017-11-01,11,November 2017,4,Q4 2017,2017-01-01,2017
2017-12-01,48,2017-11-27,2017-12-03,"2017, Week 48","Nov 27, 2017 to Dec 03, 2017 (Week 48)",Friday,Fri,2017-12-01,12,December 2017,4,Q4 2017,2017-01-01,2017
2017-12-02,48,2017-11-27,2017-12-03,"2017, Week 48","Nov 27, 2017 to Dec 03, 2017 (Week 48)",Saturday,Sat,2017-12-01,12,December 2017,4,Q4 2017,2017-01-01,2017
2017-12-03,48,2017-11-27,2017-12-03,"2017, Week 48","Nov 27, 2017 to Dec 03, 2017 (Week 48)",Sunday,Sun,2017-12-01,12,December 2017,4,Q4 2017,2017-01-01,2017
2017-12-04,49,2017-12-04,2017-12-10,"2017, Week 49","Dec 04, 2017 to Dec 10, 2017 (Week 49)",Monday,Mon,2017-12-01,12,December 2017,4,Q4 2017,2017-01-01,2017
2017-12-05,49,2017-12-04,2017-12-10,"2017, Week 49","Dec 04, 2017 to Dec 10, 2017 (Week 49)",Tuesday,Tue,2017-12-01,12,December 2017,4,Q4 2017,2017-01-01,2017
2017-12-06,49,2017-12-04,2017-12-10,"2017, Week 49","Dec 04, 2017 to Dec 10, 2017 (Week 49)",Wednesday,Wed,2017-12-01,12,December 2017,4,Q4 2017,2017-01-01,2017
2017-12-07,49,2017-12-04,2017-12-10,"2017, Week 49","Dec 04, 2017 to Dec 10, 2017 (Week 49)",Thursday,Thu,2017-12-01,12,December 2017,4,Q4 2017,2017-01-01,2017
2017-12-08,49,2017-12-04,2017-12-10,"2017, Week 49","Dec 04, 2017 to Dec 10, 2017 (Week 49)",Friday,Fri,2017-12-01,12,December 2017,4,Q4 2017,2017-01-01,2017
2017-12-09,49,2017-12-04,2017-12-10,"2017, Week 49","Dec 04, 2017 to Dec 10, 2017 (Week 49)",Saturday,Sat,2017-12-01,12,December 2017,4,Q4 2017,2017-01-01,2017
2017-12-10,49,2017-12-04,2017-12-10,"2017, Week 49","Dec 04, 2017 to Dec 10, 2017 (Week 49)",Sunday,Sun,2017-12-01,12,December 2017,4,Q4 2017,2017-01-01,2017
2017-12-11,50,2017-12-11,2017-12-17,"2017, Week 50","Dec 11, 2017 to Dec 17, 2017 (Week 50)",Monday,Mon,2017-12-01,12,December 2017,4,Q4 2017,2017-01-01,2017
2017-12-12,50,2017-12-11,2017-12-17,"2017, Week 50","Dec 11, 2017 to Dec 17, 2017 (Week 50)",Tuesday,Tue,2017-12-01,12,December 2017,4,Q4 2017,2017-01-01,2017
2017-12-13,50,2017-12-11,2017-12-17,"2017, Week 50","Dec 11, 2017 to Dec 17, 2017 (Week 50)",Wednesday,Wed,2017-12-01,12,December 2017,4,Q4 2017,2017-01-01,2017
2017-12-14,50,2017-12-11,2017-12-17,"2017, Week 50","Dec 11, 2017 to Dec 17, 2017 (Week 50)",Thursday,Thu,2017-12-01,12,December 2017,4,Q4 2017,2017-01-01,2017
2017-12-15,50,2017-12-11,2017-12-17,"2017, Week 50","Dec 11, 2017 to Dec 17, 2017 (Week 50)",Friday,Fri,2017-12-01,12,December 2017,4,Q4 2017,2017-01-01,2017
2017-12-16,50,2017-12-11,2017-12-17,"2017, Week 50","Dec 11, 2017 to Dec 17, 2017 (Week 50)",Saturday,Sat,2017-12-01,12,December 2017,4,Q4 2017,2017-01-01,2017
2017-12-17,50,2017-12-11,2017-12-17,"2017, Week 50","Dec 11, 2017 to Dec 17, 2017 (Week 50)",Sunday,Sun,2017-12-01,12,December 2017,4,Q4 2017,2017-01-01,2017
2017-12-18,51,2017-12-18,2017-12-24,"2017, Week 51","Dec 18, 2017 to Dec 24, 2017 (Week 51)",Monday,Mon,2017-12-01,12,December 2017,4,Q4 2017,2017-01-01,2017
2017-12-19,51,2017-12-18,2017-12-24,"2017, Week 51","Dec 18, 2017 to Dec 24, 2017 (Week 51)",Tuesday,Tue,2017-12-01,12,December 2017,4,Q4 2017,2017-01-01,2017
2017-12-20,51,2017-12-18,2017-12-24,"2017, Week 51","Dec 18, 2017 to Dec 24, 2017 (Week 51)",Wednesday,Wed,2017-12-01,12,December 2017,4,Q4 2017,2017-01-01,2017
2017-12-21,51,2017-12-18,2017-12-24,"2017, Week 51","Dec 18, 2017 to Dec 24, 2017 (Week 51)",Thursday,Thu,2017-12-01,12,December 2017,4,Q4 2017,2017-01-01,2017
2017-12-22,51,2017-12-18,2017-12-24,"2017, Week 51","Dec 18, 2017 to Dec 24, 2017 (Week 51)",Friday,Fri,2017-12-01,12,December 2017,4,Q4 2017,2017-01-01,2017
2017-12-23,51,2017-12-18,2017-12-24,"2017, Week 51","Dec 18, 2017 to Dec 24, 2017 (Week 51)",Saturday,Sat,2017-12-01,12,December 2017,4,Q4 2017,2017-01-01,2017
2017-12-24,51,2017-12-18,2017-12-24,"2017, Week 51","Dec 18, 2017 to Dec 24, 2017 (Week 51)",Sunday,Sun,2017-12-01,12,December 2017,4,Q4 2017,2017-01-01,2017
2017-12-25,52,2017-12-25,2017-12-31,"2017, Week 52","Dec 25, 2017 to Dec 31, 2017 (Week 52)",Monday,Mon,2017-12-01,12,December 2017,4,Q4 2017,2017-01-01,2017
2017-12-26,52,2017-12-25,2017-12-31,"2017, Week 52","Dec 25, 2017 to Dec 31, 2017 (Week 52)",Tuesday,Tue,2017-12-01,12,December 2017,4,Q4 2017,2017-01-01,2017
2017-12-27,52,2017-12-25,2017-12-31,"2017, Week 52","Dec 25, 2017 to Dec 31, 2017 (Week 52)",Wednesday,Wed,2017-12-01,12,December 2017,4,Q4 2017,2017-01-01,2017
2017-12-28,52,2017-12-25,2017-12-31,"2017, Week 52","Dec 25, 2017 to Dec 31, 2017 (Week 52)",Thursday,Thu,2017-12-01,12,December 2017,4,Q4 2017,2017-01-01,2017
2017-12-29,52,2017-12-25,2017-12-31,"2017, Week 52","Dec 25, 2017 to Dec 31, 2017 (Week 52)",Friday,Fri,2017-12-01,12,December 2017,4,Q4 2017,2017-01-01,2017
2017-12-30,52,2017-12-25,2017-12-31,"2017, Week 52","Dec 25, 2017 to Dec 31, 2017 (Week 52)",Saturday,Sat,2017-12-01,12,December 2017,4,Q4 2017,2017-01-01,2017
2017-12-31,52,2017-12-25,2017-12-31,"2017, Week 52","Dec 25, 2017 to Dec 31, 2017 (Week 52)",Sunday,Sun,2017-12-01,12,December 2017,4,Q4 2017,2017-01-01,2017
2018-01-01,1,2018-01-01,2018-01-07,"2018, Week 1","Jan 01, 2018 to Jan 07, 2018 (Week 1)",Monday,Mon,2018-01-01,1,January 2018,1,Q1 2018,2018-01-01,2018
2018-01-02,1,2018-01-01,2018-01-07,"2018, Week 1","Jan 01, 2018 to Jan 07, 2018 (Week 1)",Tuesday,Tue,2018-01-01,1,January 2018,1,Q1 2018,2018-01-01,2018
2018-01-03,1,2018-01-01,2018-01-07,"2018, Week 1","Jan 01, 2018 to Jan 07, 2018 (Week 1)",Wednesday,Wed,2018-01-01,1,January 2018,1,Q1 2018,2018-01-01,2018
2018-01-04,1,2018-01-01,2018-01-07,"2018, Week 1","Jan 01, 2018 to Jan 07, 2018 (Week 1)",Thursday,Thu,2018-01-01,1,January 2018,1,Q1 2018,2018-01-01,2018
2018-01-05,1,2018-01-01,2018-01-07,"2018, Week 1","Jan 01, 2018 to Jan 07, 2018 (Week 1)",Friday,Fri,2018-01-01,1,January 2018,1,Q1 2018,2018-01-01,2018
2018-01-06,1,2018-01-01,2018-01-07,"2018, Week 1","Jan 01, 2018 to Jan 07, 2018 (Week 1)",Saturday,Sat,2018-01-01,1,January 2018,1,Q1 2018,2018-01-01,2018
2018-01-07,1,2018-01-01,2018-01-07,"2018, Week 1","Jan 01, 2018 to Jan 07, 2018 (Week 1)",Sunday,Sun,2018-01-01,1,January 2018,1,Q1 2018,2018-01-01,2018
2018-01-08,2,2018-01-08,2018-01-14,"2018, Week 2","Jan 08, 2018 to Jan 14, 2018 (Week 2)",Monday,Mon,2018-01-01,1,January 2018,1,Q1 2018,2018-01-01,2018
2018-01-09,2,2018-01-08,2018-01-14,"2018, Week 2","Jan 08, 2018 to Jan 14, 2018 (Week 2)",Tuesday,Tue,2018-01-01,1,January 2018,1,Q1 2018,2018-01-01,2018
2018-01-10,2,2018-01-08,2018-01-14,"2018, Week 2","Jan 08, 2018 to Jan 14, 2018 (Week 2)",Wednesday,Wed,2018-01-01,1,January 2018,1,Q1 2018,2018-01-01,2018
2018-01-11,2,2018-01-08,2018-01-14,"2018, Week 2","Jan 08, 2018 to Jan 14, 2018 (Week 2)",Thursday,Thu,2018-01-01,1,January 2018,1,Q1 2018,2018-01-01,2018
2018-01-12,2,2018-01-08,2018-01-14,"2018, Week 2","Jan 08, 2018 to Jan 14, 2018 (Week 2)",Friday,Fri,2018-01-01,1,January 2018,1,Q1 2018,2018-01-01,2018
2018-01-13,2,2018-01-08,2018-01-14,"2018, Week 2","Jan 08, 2018 to Jan 14, 2018 (Week 2)",Saturday,Sat,2018-01-01,1,January 2018,1,Q1 2018,2018-01-01,2018
2018-01-14,2,2018-01-08,2018-01-14,"2018, Week 2","Jan 08, 2018 to Jan 14, 2018 (Week 2)",Sunday,Sun,2018-01-01,1,January 2018,1,Q1 2018,2018-01-01,2018
2018-01-15,3,2018-01-15,2018-01-21,"2018, Week 3","Jan 15, 2018 to Jan 21, 2018 (Week 3)",Monday,Mon,2018-01-01,1,January 2018,1,Q1 2018,2018-01-01,2018
2018-01-16,3,2018-01-15,2018-01-21,"2018, Week 3","Jan 15, 2018 to Jan 21, 2018 (Week 3)",Tuesday,Tue,2018-01-01,1,January 2018,1,Q1 2018,2018-01-01,2018
2018-01-17,3,2018-01-15,2018-01-21,"2018, Week 3","Jan 15, 2018 to Jan 21, 2018 (Week 3)",Wednesday,Wed,2018-01-01,1,January 2018,1,Q1 2018,2018-01-01,2018
2018-01-18,3,2018-01-15,2018-01-21,"2018, Week 3","Jan 15, 2018 to Jan 21, 2018 (Week 3)",Thursday,Thu,2018-01-01,1,January 2018,1,Q1 2018,2018-01-01,2018
2018-01-19,3,2018-01-15,2018-01-21,"2018, Week 3","Jan 15, 2018 to Jan 21, 2018 (Week 3)",Friday,Fri,2018-01-01,1,January 2018,1,Q1 2018,2018-01-01,2018
2018-01-20,3,2018-01-15,2018-01-21,"2018, Week 3","Jan 15, 2018 to Jan 21, 2018 (Week 3)",Saturday,Sat,2018-01-01,1,January 2018,1,Q1 2018,2018-01-01,2018
2018-01-21,3,2018-01-15,2018-01-21,"2018, Week 3","Jan 15, 2018 to Jan 21, 2018 (Week 3)",Sunday,Sun,2018-01-01,1,January 2018,1,Q1 2018,2018-01-01,2018
2018-01-22,4,2018-01-22,2018-01-28,"2018, Week 4","Jan 22, 2018 to Jan 28, 2018 (Week 4)",Monday,Mon,2018-01-01,1,January 2018,1,Q1 2018,2018-01-01,2018
2018-01-23,4,2018-01-22,2018-01-28,"2018, Week 4","Jan 22, 2018 to Jan 28, 2018 (Week 4)",Tuesday,Tue,2018-01-01,1,January 2018,1,Q1 2018,2018-01-01,2018
2018-01-24,4,2018-01-22,2018-01-28,"2018, Week 4","Jan 22, 2018 to Jan 28, 2018 (Week 4)",Wednesday,Wed,2018-01-01,1,January 2018,1,Q1 2018,2018-01-01,2018
2018-01-25,4,2018-01-22,2018-01-28,"2018, Week 4","Jan 22, 2018 to Jan 28, 2018 (Week 4)",Thursday,Thu,2018-01-01,1,January 2018,1,Q1 2018,2018-01-01,2018
2018-01-26,4,2018-01-22,2018-01-28,"2018, Week 4","Jan 22, 2018 to Jan 28, 2018 (Week 4)",Friday,Fri,2018-01-01,1,January 2018,1,Q1 2018,2018-01-01,2018
2018-01-27,4,2018-01-22,2018-01-28,"2018, Week 4","Jan 22, 2018 to Jan 28, 2018 (Week 4)",Saturday,Sat,2018-01-01,1,January 2018,1,Q1 2018,2018-01-01,2018
2018-01-28,4,2018-01-22,2018-01-28,"2018, Week 4","Jan 22, 2018 to Jan 28, 2018 (Week 4)",Sunday,Sun,2018-01-01,1,January 2018,1,Q1 2018,2018-01-01,2018
2018-01-29,5,2018-01-29,2018-02-04,"2018, Week 5","Jan 29, 2018 to Feb 04, 2018 (Week 5)",Monday,Mon,2018-01-01,1,January 2018,1,Q1 2018,2018-01-01,2018
2018-01-30,5,2018-01-29,2018-02-04,"2018, Week 5","Jan 29, 2018 to Feb 04, 2018 (Week 5)",Tuesday,Tue,2018-01-01,1,January 2018,1,Q1 2018,2018-01-01,2018
2018-01-31,5,2018-01-29,2018-02-04,"2018, Week 5","Jan 29, 2018 to Feb 04, 2018 (Week 5)",Wednesday,Wed,2018-01-01,1,January 2018,1,Q1 2018,2018-01-01,2018
2018-02-01,5,2018-01-29,2018-02-04,"2018, Week 5","Jan 29, 2018 to Feb 04, 2018 (Week 5)",Thursday,Thu,2018-02-01,2,February 2018,1,Q1 2018,2018-01-01,2018
2018-02-02,5,2018-01-29,2018-02-04,"2018, Week 5","Jan 29, 2018 to Feb 04, 2018 (Week 5)",Friday,Fri,2018-02-01,2,February 2018,1,Q1 2018,2018-01-01,2018
2018-02-03,5,2018-01-29,2018-02-04,"2018, Week 5","Jan 29, 2018 to Feb 04, 2018 (Week 5)",Saturday,Sat,2018-02-01,2,February 2018,1,Q1 2018,2018-01-01,2018
2018-02-04,5,2018-01-29,2018-02-04,"2018, Week 5","Jan 29, 2018 to Feb 04, 2018 (Week 5)",Sunday,Sun,2018-02-01,2,February 2018,1,Q1 2018,2018-01-01,2018
2018-02-05,6,2018-02-05,2018-02-11,"2018, Week 6","Feb 05, 2018 to Feb 11, 2018 (Week 6)",Monday,Mon,2018-02-01,2,February 2018,1,Q1 2018,2018-01-01,2018
2018-02-06,6,2018-02-05,2018-02-11,"2018, Week 6","Feb 05, 2018 to Feb 11, 2018 (Week 6)",Tuesday,Tue,2018-02-01,2,February 2018,1,Q1 2018,2018-01-01,2018
2018-02-07,6,2018-02-05,2018-02-11,"2018, Week 6","Feb 05, 2018 to Feb 11, 2018 (Week 6)",Wednesday,Wed,2018-02-01,2,February 2018,1,Q1 2018,2018-01-01,2018
2018-02-08,6,2018-02-05,2018-02-11,"2018, Week 6","Feb 05, 2018 to Feb 11, 2018 (Week 6)",Thursday,Thu,2018-02-01,2,February 2018,1,Q1 2018,2018-01-01,2018
2018-02-09,6,2018-02-05,2018-02-11,"2018, Week 6","Feb 05, 2018 to Feb 11, 2018 (Week 6)",Friday,Fri,2018-02-01,2,February 2018,1,Q1 2018,2018-01-01,2018
2018-02-10,6,2018-02-05,2018-02-11,"2018, Week 6","Feb 05, 2018 to Feb 11, 2018 (Week 6)",Saturday,Sat,2018-02-01,2,February 2018,1,Q1 2018,2018-01-01,2018
2018-02-11,6,2018-02-05,2018-02-11,"2018, Week 6","Feb 05, 2018 to Feb 11, 2018 (Week 6)",Sunday,Sun,2018-02-01,2,February 2018,1,Q1 2018,2018-01-01,2018
2018-02-12,7,2018-02-12,2018-02-18,"2018, Week 7","Feb 12, 2018 to Feb 18, 2018 (Week 7)",Monday,Mon,2018-02-01,2,February 2018,1,Q1 2018,2018-01-01,2018
2018-02-13,7,2018-02-12,2018-02-18,"2018, Week 7","Feb 12, 2018 to Feb 18, 2018 (Week 7)",Tuesday,Tue,2018-02-01,2,February 2018,1,Q1 2018,2018-01-01,2018
2018-02-14,7,2018-02-12,2018-02-18,"2018, Week 7","Feb 12, 2018 to Feb 18, 2018 (Week 7)",Wednesday,Wed,2018-02-01,2,February 2018,1,Q1 2018,2018-01-01,2018
2018-02-15,7,2018-02-12,2018-02-18,"2018, Week 7","Feb 12, 2018 to Feb 18, 2018 (Week 7)",Thursday,Thu,2018-02-01,2,February 2018,1,Q1 2018,2018-01-01,2018
2018-02-16,7,2018-02-12,2018-02-18,"2018, Week 7","Feb 12, 2018 to Feb 18, 2018 (Week 7)",Friday,Fri,2018-02-01,2,February 2018,1,Q1 2018,2018-01-01,2018
2018-02-17,7,2018-02-12,2018-02-18,"2018, Week 7","Feb 12, 2018 to Feb 18, 2018 (Week 7)",Saturday,Sat,2018-02-01,2,February 2018,1,Q1 2018,2018-01-01,2018
2018-02-18,7,2018-02-12,2018-02-18,"2018, Week 7","Feb 12, 2018 to Feb 18, 2018 (Week 7)",Sunday,Sun,2018-02-01,2,February 2018,1,Q1 2018,2018-01-01,2018
2018-02-19,8,2018-02-19,2018-02-25,"2018, Week 8","Feb 19, 2018 to Feb 25, 2018 (Week 8)",Monday,Mon,2018-02-01,2,February 2018,1,Q1 2018,2018-01-01,2018
2018-02-20,8,2018-02-19,2018-02-25,"2018, Week 8","Feb 19, 2018 to Feb 25, 2018 (Week 8)",Tuesday,Tue,2018-02-01,2,February 2018,1,Q1 2018,2018-01-01,2018
2018-02-21,8,2018-02-19,2018-02-25,"2018, Week 8","Feb 19, 2018 to Feb 25, 2018 (Week 8)",Wednesday,Wed,2018-02-01,2,February 2018,1,Q1 2018,2018-01-01,2018
2018-02-22,8,2018-02-19,2018-02-25,"2018, Week 8","Feb 19, 2018 to Feb 25, 2018 (Week 8)",Thursday,Thu,2018-02-01,2,February 2018,1,Q1 2018,2018-01-01,2018
2018-02-23,8,2018-02-19,2018-02-25,"2018, Week 8","Feb 19, 2018 to Feb 25, 2018 (Week 8)",Friday,Fri,2018-02-01,2,February 2018,1,Q1 2018,2018-01-01,2018
2018-02-24,8,2018-02-19,2018-02-25,"2018, Week 8","Feb 19, 2018 to Feb 25, 2018 (Week 8)",Saturday,Sat,2018-02-01,2,February 2018,1,Q1 2018,2018-01-01,2018
2018-02-25,8,2018-02-19,2018-02-25,"2018, Week 8","Feb 19, 2018 to Feb 25, 2018 (Week 8)",Sunday,Sun,2018-02-01,2,February 2018,1,Q1 2018,2018-01-01,2018
2018-02-26,9,2018-02-26,2018-03-04,"2018, Week 9","Feb 26, 2018 to Mar 04, 2018 (Week 9)",Monday,Mon,2018-02-01,2,February 2018,1,Q1 2018,2018-01-01,2018
2018-02-27,9,2018-02-26,2018-03-04,"2018, Week 9","Feb 26, 2018 to Mar 04, 2018 (Week 9)",Tuesday,Tue,2018-02-01,2,February 2018,1,Q1 2018,2018-01-01,2018
2018-02-28,9,2018-02-26,2018-03-04,"2018, Week 9","Feb 26, 2018 to Mar 04, 2018 (Week 9)",Wednesday,Wed,2018-02-01,2,February 2018,1,Q1 2018,2018-01-01,2018
2018-03-01,9,2018-02-26,2018-03-04,"2018, Week 9","Feb 26, 2018 to Mar 04, 2018 (Week 9)",Thursday,Thu,2018-03-01,3,March 2018,1,Q1 2018,2018-01-01,2018
2018-03-02,9,2018-02-26,2018-03-04,"2018, Week 9","Feb 26, 2018 to Mar 04, 2018 (Week 9)",Friday,Fri,2018-03-01,3,March 2018,1,Q1 2018,2018-01-01,2018
2018-03-03,9,2018-02-26,2018-03-04,"2018, Week 9","Feb 26, 2018 to Mar 04, 2018 (Week 9)",Saturday,Sat,2018-03-01,3,March 2018,1,Q1 2018,2018-01-01,2018
2018-03-04,9,2018-02-26,2018-03-04,"2018, Week 9","Feb 26, 2018 to Mar 04, 2018 (Week 9)",Sunday,Sun,2018-03-01,3,March 2018,1,Q1 2018,2018-01-01,2018
2018-03-05,10,2018-03-05,2018-03-11,"2018, Week 10","Mar 05, 2018 to Mar 11, 2018 (Week 10)",Monday,Mon,2018-03-01,3,March 2018,1,Q1 2018,2018-01-01,2018
2018-03-06,10,2018-03-05,2018-03-11,"2018, Week 10","Mar 05, 2018 to Mar 11, 2018 (Week 10)",Tuesday,Tue,2018-03-01,3,March 2018,1,Q1 2018,2018-01-01,2018
2018-03-07,10,2018-03-05,2018-03-11,"2018, Week 10","Mar 05, 2018 to Mar 11, 2018 (Week 10)",Wednesday,Wed,2018-03-01,3,March 2018,1,Q1 2018,2018-01-01,2018
2018-03-08,10,2018-03-05,2018-03-11,"2018, Week 10","Mar 05, 2018 to Mar 11, 2018 (Week 10)",Thursday,Thu,2018-03-01,3,March 2018,1,Q1 2018,2018-01-01,2018
2018-03-09,10,2018-03-05,2018-03-11,"2018, Week 10","Mar 05, 2018 to Mar 11, 2018 (Week 10)",Friday,Fri,2018-03-01,3,March 2018,1,Q1 2018,2018-01-01,2018
2018-03-10,10,2018-03-05,2018-03-11,"2018, Week 10","Mar 05, 2018 to Mar 11, 2018 (Week 10)",Saturday,Sat,2018-03-01,3,March 2018,1,Q1 2018,2018-01-01,2018
2018-03-11,10,2018-03-05,2018-03-11,"2018, Week 10","Mar 05, 2018 to Mar 11, 2018 (Week 10)",Sunday,Sun,2018-03-01,3,March 2018,1,Q1 2018,2018-01-01,2018
2018-03-12,11,2018-03-12,2018-03-18,"2018, Week 11","Mar 12, 2018 to Mar 18, 2018 (Week 11)",Monday,Mon,2018-03-01,3,March 2018,1,Q1 2018,2018-01-01,2018
2018-03-13,11,2018-03-12,2018-03-18,"2018, Week 11","Mar 12, 2018 to Mar 18, 2018 (Week 11)",Tuesday,Tue,2018-03-01,3,March 2018,1,Q1 2018,2018-01-01,2018
2018-03-14,11,2018-03-12,2018-03-18,"2018, Week 11","Mar 12, 2018 to Mar 18, 2018 (Week 11)",Wednesday,Wed,2018-03-01,3,March 2018,1,Q1 2018,2018-01-01,2018
2018-03-15,11,2018-03-12,2018-03-18,"2018, Week 11","Mar 12, 2018 to Mar 18, 2018 (Week 11)",Thursday,Thu,2018-03-01,3,March 2018,1,Q1 2018,2018-01-01,2018
2018-03-16,11,2018-03-12,2018-03-18,"2018, Week 11","Mar 12, 2018 to Mar 18, 2018 (Week 11)",Friday,Fri,2018-03-01,3,March 2018,1,Q1 2018,2018-01-01,2018
2018-03-17,11,2018-03-12,2018-03-18,"2018, Week 11","Mar 12, 2018 to Mar 18, 2018 (Week 11)",Saturday,Sat,2018-03-01,3,March 2018,1,Q1 2018,2018-01-01,2018
2018-03-18,11,2018-03-12,2018-03-18,"2018, Week 11","Mar 12, 2018 to Mar 18, 2018 (Week 11)",Sunday,Sun,2018-03-01,3,March 2018,1,Q1 2018,2018-01-01,2018
2018-03-19,12,2018-03-19,2018-03-25,"2018, Week 12","Mar 19, 2018 to Mar 25, 2018 (Week 12)",Monday,Mon,2018-03-01,3,March 2018,1,Q1 2018,2018-01-01,2018
2018-03-20,12,2018-03-19,2018-03-25,"2018, Week 12","Mar 19, 2018 to Mar 25, 2018 (Week 12)",Tuesday,Tue,2018-03-01,3,March 2018,1,Q1 2018,2018-01-01,2018
2018-03-21,12,2018-03-19,2018-03-25,"2018, Week 12","Mar 19, 2018 to Mar 25, 2018 (Week 12)",Wednesday,Wed,2018-03-01,3,March 2018,1,Q1 2018,2018-01-01,2018
2018-03-22,12,2018-03-19,2018-03-25,"2018, Week 12","Mar 19, 2018 to Mar 25, 2018 (Week 12)",Thursday,Thu,2018-03-01,3,March 2018,1,Q1 2018,2018-01-01,2018
2018-03-23,12,2018-03-19,2018-03-25,"2018, Week 12","Mar 19, 2018 to Mar 25, 2018 (Week 12)",Friday,Fri,2018-03-01,3,March 2018,1,Q1 2018,2018-01-01,2018
2018-03-24,12,2018-03-19,2018-03-25,"2018, Week 12","Mar 19, 2018 to Mar 25, 2018 (Week 12)",Saturday,Sat,2018-03-01,3,March 2018,1,Q1 2018,2018-01-01,2018
2018-03-25,12,2018-03-19,2018-03-25,"2018, Week 12","Mar 19, 2018 to Mar 25, 2018 (Week 12)",Sunday,Sun,2018-03-01,3,March 2018,1,Q1 2018,2018-01-01,2018
2018-03-26,13,2018-03-26,2018-04-01,"2018, Week 13","Mar 26, 2018 to Apr 01, 2018 (Week 13)",Monday,Mon,2018-03-01,3,March 2018,1,Q1 2018,2018-01-01,2018
2018-03-27,13,2018-03-26,2018-04-01,"2018, Week 13","Mar 26, 2018 to Apr 01, 2018 (Week 13)",Tuesday,Tue,2018-03-01,3,March 2018,1,Q1 2018,2018-01-01,2018
2018-03-28,13,2018-03-26,2018-04-01,"2018, Week 13","Mar 26, 2018 to Apr 01, 2018 (Week 13)",Wednesday,Wed,2018-03-01,3,March 2018,1,Q1 2018,2018-01-01,2018
2018-03-29,13,2018-03-26,2018-04-01,"2018, Week 13","Mar 26, 2018 to Apr 01, 2018 (Week 13)",Thursday,Thu,2018-03-01,3,March 2018,1,Q1 2018,2018-01-01,2018
2018-03-30,13,2018-03-26,2018-04-01,"2018, Week 13","Mar 26, 2018 to Apr 01, 2018 (Week 13)",Friday,Fri,2018-03-01,3,March 2018,1,Q1 2018,2018-01-01,2018
2018-03-31,13,2018-03-26,2018-04-01,"2018, Week 13","Mar 26, 2018 to Apr 01, 2018 (Week 13)",Saturday,Sat,2018-03-01,3,March 2018,1,Q1 2018,2018-01-01,2018
2018-04-01,13,2018-03-26,2018-04-01,"2018, Week 13","Mar 26, 2018 to Apr 01, 2018 (Week 13)",Sunday,Sun,2018-04-01,4,April 2018,2,Q2 2018,2018-01-01,2018
2018-04-02,14,2018-04-02,2018-04-08,"2018, Week 14","Apr 02, 2018 to Apr 08, 2018 (Week 14)",Monday,Mon,2018-04-01,4,April 2018,2,Q2 2018,2018-01-01,2018
2018-04-03,14,2018-04-02,2018-04-08,"2018, Week 14","Apr 02, 2018 to Apr 08, 2018 (Week 14)",Tuesday,Tue,2018-04-01,4,April 2018,2,Q2 2018,2018-01-01,2018
2018-04-04,14,2018-04-02,2018-04-08,"2018, Week 14","Apr 02, 2018 to Apr 08, 2018 (Week 14)",Wednesday,Wed,2018-04-01,4,April 2018,2,Q2 2018,2018-01-01,2018
2018-04-05,14,2018-04-02,2018-04-08,"2018, Week 14","Apr 02, 2018 to Apr 08, 2018 (Week 14)",Thursday,Thu,2018-04-01,4,April 2018,2,Q2 2018,2018-01-01,2018
2018-04-06,14,2018-04-02,2018-04-08,"2018, Week 14","Apr 02, 2018 to Apr 08, 2018 (Week 14)",Friday,Fri,2018-04-01,4,April 2018,2,Q2 2018,2018-01-01,2018
2018-04-07,14,2018-04-02,2018-04-08,"2018, Week 14","Apr 02, 2018 to Apr 08, 2018 (Week 14)",Saturday,Sat,2018-04-01,4,April 2018,2,Q2 2018,2018-01-01,2018
2018-04-08,14,2018-04-02,2018-04-08,"2018, Week 14","Apr 02, 2018 to Apr 08, 2018 (Week 14)",Sunday,Sun,2018-04-01,4,April 2018,2,Q2 2018,2018-01-01,2018
2018-04-09,15,2018-04-09,2018-04-15,"2018, Week 15","Apr 09, 2018 to Apr 15, 2018 (Week 15)",Monday,Mon,2018-04-01,4,April 2018,2,Q2 2018,2018-01-01,2018
2018-04-10,15,2018-04-09,2018-04-15,"2018, Week 15","Apr 09, 2018 to Apr 15, 2018 (Week 15)",Tuesday,Tue,2018-04-01,4,April 2018,2,Q2 2018,2018-01-01,2018
2018-04-11,15,2018-04-09,2018-04-15,"2018, Week 15","Apr 09, 2018 to Apr 15, 2018 (Week 15)",Wednesday,Wed,2018-04-01,4,April 2018,2,Q2 2018,2018-01-01,2018
2018-04-12,15,2018-04-09,2018-04-15,"2018, Week 15","Apr 09, 2018 to Apr 15, 2018 (Week 15)",Thursday,Thu,2018-04-01,4,April 2018,2,Q2 2018,2018-01-01,2018
2018-04-13,15,2018-04-09,2018-04-15,"2018, Week 15","Apr 09, 2018 to Apr 15, 2018 (Week 15)",Friday,Fri,2018-04-01,4,April 2018,2,Q2 2018,2018-01-01,2018
2018-04-14,15,2018-04-09,2018-04-15,"2018, Week 15","Apr 09, 2018 to Apr 15, 2018 (Week 15)",Saturday,Sat,2018-04-01,4,April 2018,2,Q2 2018,2018-01-01,2018
2018-04-15,15,2018-04-09,2018-04-15,"2018, Week 15","Apr 09, 2018 to Apr 15, 2018 (Week 15)",Sunday,Sun,2018-04-01,4,April 2018,2,Q2 2018,2018-01-01,2018
2018-04-16,16,2018-04-16,2018-04-22,"2018, Week 16","Apr 16, 2018 to Apr 22, 2018 (Week 16)",Monday,Mon,2018-04-01,4,April 2018,2,Q2 2018,2018-01-01,2018
2018-04-17,16,2018-04-16,2018-04-22,"2018, Week 16","Apr 16, 2018 to Apr 22, 2018 (Week 16)",Tuesday,Tue,2018-04-01,4,April 2018,2,Q2 2018,2018-01-01,2018
2018-04-18,16,2018-04-16,2018-04-22,"2018, Week 16","Apr 16, 2018 to Apr 22, 2018 (Week 16)",Wednesday,Wed,2018-04-01,4,April 2018,2,Q2 2018,2018-01-01,2018
2018-04-19,16,2018-04-16,2018-04-22,"2018, Week 16","Apr 16, 2018 to Apr 22, 2018 (Week 16)",Thursday,Thu,2018-04-01,4,April 2018,2,Q2 2018,2018-01-01,2018
2018-04-20,16,2018-04-16,2018-04-22,"2018, Week 16","Apr 16, 2018 to Apr 22, 2018 (Week 16)",Friday,Fri,2018-04-01,4,April 2018,2,Q2 2018,2018-01-01,2018
2018-04-21,16,2018-04-16,2018-04-22,"2018, Week 16","Apr 16, 2018 to Apr 22, 2018 (Week 16)",Saturday,Sat,2018-04-01,4,April 2018,2,Q2 2018,2018-01-01,2018
2018-04-22,16,2018-04-16,2018-04-22,"2018, Week 16","Apr 16, 2018 to Apr 22, 2018 (Week 16)",Sunday,Sun,2018-04-01,4,April 2018,2,Q2 2018,2018-01-01,2018
2018-04-23,17,2018-04-23,2018-04-29,"2018, Week 17","Apr 23, 2018 to Apr 29, 2018 (Week 17)",Monday,Mon,2018-04-01,4,April 2018,2,Q2 2018,2018-01-01,2018
2018-04-24,17,2018-04-23,2018-04-29,"2018, Week 17","Apr 23, 2018 to Apr 29, 2018 (Week 17)",Tuesday,Tue,2018-04-01,4,April 2018,2,Q2 2018,2018-01-01,2018
2018-04-25,17,2018-04-23,2018-04-29,"2018, Week 17","Apr 23, 2018 to Apr 29, 2018 (Week 17)",Wednesday,Wed,2018-04-01,4,April 2018,2,Q2 2018,2018-01-01,2018
2018-04-26,17,2018-04-23,2018-04-29,"2018, Week 17","Apr 23, 2018 to Apr 29, 2018 (Week 17)",Thursday,Thu,2018-04-01,4,April 2018,2,Q2 2018,2018-01-01,2018
2018-04-27,17,2018-04-23,2018-04-29,"2018, Week 17","Apr 23, 2018 to Apr 29, 2018 (Week 17)",Friday,Fri,2018-04-01,4,April 2018,2,Q2 2018,2018-01-01,2018
2018-04-28,17,2018-04-23,2018-04-29,"2018, Week 17","Apr 23, 2018 to Apr 29, 2018 (Week 17)",Saturday,Sat,2018-04-01,4,April 2018,2,Q2 2018,2018-01-01,2018
2018-04-29,17,2018-04-23,2018-04-29,"2018, Week 17","Apr 23, 2018 to Apr 29, 2018 (Week 17)",Sunday,Sun,2018-04-01,4,April 2018,2,Q2 2018,2018-01-01,2018
2018-04-30,18,2018-04-30,2018-05-06,"2018, Week 18","Apr 30, 2018 to May 06, 2018 (Week 18)",Monday,Mon,2018-04-01,4,April 2018,2,Q2 2018,2018-01-01,2018
2018-05-01,18,2018-04-30,2018-05-06,"2018, Week 18","Apr 30, 2018 to May 06, 2018 (Week 18)",Tuesday,Tue,2018-05-01,5,May 2018,2,Q2 2018,2018-01-01,2018
2018-05-02,18,2018-04-30,2018-05-06,"2018, Week 18","Apr 30, 2018 to May 06, 2018 (Week 18)",Wednesday,Wed,2018-05-01,5,May 2018,2,Q2 2018,2018-01-01,2018
2018-05-03,18,2018-04-30,2018-05-06,"2018, Week 18","Apr 30, 2018 to May 06, 2018 (Week 18)",Thursday,Thu,2018-05-01,5,May 2018,2,Q2 2018,2018-01-01,2018
2018-05-04,18,2018-04-30,2018-05-06,"2018, Week 18","Apr 30, 2018 to May 06, 2018 (Week 18)",Friday,Fri,2018-05-01,5,May 2018,2,Q2 2018,2018-01-01,2018
2018-05-05,18,2018-04-30,2018-05-06,"2018, Week 18","Apr 30, 2018 to May 06, 2018 (Week 18)",Saturday,Sat,2018-05-01,5,May 2018,2,Q2 2018,2018-01-01,2018
2018-05-06,18,2018-04-30,2018-05-06,"2018, Week 18","Apr 30, 2018 to May 06, 2018 (Week 18)",Sunday,Sun,2018-05-01,5,May 2018,2,Q2 2018,2018-01-01,2018
2018-05-07,19,2018-05-07,2018-05-13,"2018, Week 19","May 07, 2018 to May 13, 2018 (Week 19)",Monday,Mon,2018-05-01,5,May 2018,2,Q2 2018,2018-01-01,2018
2018-05-08,19,2018-05-07,2018-05-13,"2018, Week 19","May 07, 2018 to May 13, 2018 (Week 19)",Tuesday,Tue,2018-05-01,5,May 2018,2,Q2 2018,2018-01-01,2018
2018-05-09,19,2018-05-07,2018-05-13,"2018, Week 19","May 07, 2018 to May 13, 2018 (Week 19)",Wednesday,Wed,2018-05-01,5,May 2018,2,Q2 2018,2018-01-01,2018
2018-05-10,19,2018-05-07,2018-05-13,"2018, Week 19","May 07, 2018 to May 13, 2018 (Week 19)",Thursday,Thu,2018-05-01,5,May 2018,2,Q2 2018,2018-01-01,2018
2018-05-11,19,2018-05-07,2018-05-13,"2018, Week 19","May 07, 2018 to May 13, 2018 (Week 19)",Friday,Fri,2018-05-01,5,May 2018,2,Q2 2018,2018-01-01,2018
2018-05-12,19,2018-05-07,2018-05-13,"2018, Week 19","May 07, 2018 to May 13, 2018 (Week 19)",Saturday,Sat,2018-05-01,5,May 2018,2,Q2 2018,2018-01-01,2018
2018-05-13,19,2018-05-07,2018-05-13,"2018, Week 19","May 07, 2018 to May 13, 2018 (Week 19)",Sunday,Sun,2018-05-01,5,May 2018,2,Q2 2018,2018-01-01,2018
2018-05-14,20,2018-05-14,2018-05-20,"2018, Week 20","May 14, 2018 to May 20, 2018 (Week 20)",Monday,Mon,2018-05-01,5,May 2018,2,Q2 2018,2018-01-01,2018
2018-05-15,20,2018-05-14,2018-05-20,"2018, Week 20","May 14, 2018 to May 20, 2018 (Week 20)",Tuesday,Tue,2018-05-01,5,May 2018,2,Q2 2018,2018-01-01,2018
2018-05-16,20,2018-05-14,2018-05-20,"2018, Week 20","May 14, 2018 to May 20, 2018 (Week 20)",Wednesday,Wed,2018-05-01,5,May 2018,2,Q2 2018,2018-01-01,2018
2018-05-17,20,2018-05-14,2018-05-20,"2018, Week 20","May 14, 2018 to May 20, 2018 (Week 20)",Thursday,Thu,2018-05-01,5,May 2018,2,Q2 2018,2018-01-01,2018
2018-05-18,20,2018-05-14,2018-05-20,"2018, Week 20","May 14, 2018 to May 20, 2018 (Week 20)",Friday,Fri,2018-05-01,5,May 2018,2,Q2 2018,2018-01-01,2018
2018-05-19,20,2018-05-14,2018-05-20,"2018, Week 20","May 14, 2018 to May 20, 2018 (Week 20)",Saturday,Sat,2018-05-01,5,May 2018,2,Q2 2018,2018-01-01,2018
2018-05-20,20,2018-05-14,2018-05-20,"2018, Week 20","May 14, 2018 to May 20, 2018 (Week 20)",Sunday,Sun,2018-05-01,5,May 2018,2,Q2 2018,2018-01-01,2018
2018-05-21,21,2018-05-21,2018-05-27,"2018, Week 21","May 21, 2018 to May 27, 2018 (Week 21)",Monday,Mon,2018-05-01,5,May 2018,2,Q2 2018,2018-01-01,2018
2018-05-22,21,2018-05-21,2018-05-27,"2018, Week 21","May 21, 2018 to May 27, 2018 (Week 21)",Tuesday,Tue,2018-05-01,5,May 2018,2,Q2 2018,2018-01-01,2018
2018-05-23,21,2018-05-21,2018-05-27,"2018, Week 21","May 21, 2018 to May 27, 2018 (Week 21)",Wednesday,Wed,2018-05-01,5,May 2018,2,Q2 2018,2018-01-01,2018
2018-05-24,21,2018-05-21,2018-05-27,"2018, Week 21","May 21, 2018 to May 27, 2018 (Week 21)",Thursday,Thu,2018-05-01,5,May 2018,2,Q2 2018,2018-01-01,2018
2018-05-25,21,2018-05-21,2018-05-27,"2018, Week 21","May 21, 2018 to May 27, 2018 (Week 21)",Friday,Fri,2018-05-01,5,May 2018,2,Q2 2018,2018-01-01,2018
2018-05-26,21,2018-05-21,2018-05-27,"2018, Week 21","May 21, 2018 to May 27, 2018 (Week 21)",Saturday,Sat,2018-05-01,5,May 2018,2,Q2 2018,2018-01-01,2018
2018-05-27,21,2018-05-21,2018-05-27,"2018, Week 21","May 21, 2018 to May 27, 2018 (Week 21)",Sunday,Sun,2018-05-01,5,May 2018,2,Q2 2018,2018-01-01,2018
2018-05-28,22,2018-05-28,2018-06-03,"2018, Week 22","May 28, 2018 to Jun 03, 2018 (Week 22)",Monday,Mon,2018-05-01,5,May 2018,2,Q2 2018,2018-01-01,2018
2018-05-29,22,2018-05-28,2018-06-03,"2018, Week 22","May 28, 2018 to Jun 03, 2018 (Week 22)",Tuesday,Tue,2018-05-01,5,May 2018,2,Q2 2018,2018-01-01,2018
2018-05-30,22,2018-05-28,2018-06-03,"2018, Week 22","May 28, 2018 to Jun 03, 2018 (Week 22)",Wednesday,Wed,2018-05-01,5,May 2018,2,Q2 2018,2018-01-01,2018
2018-05-31,22,2018-05-28,2018-06-03,"2018, Week 22","May 28, 2018 to Jun 03, 2018 (Week 22)",Thursday,Thu,2018-05-01,5,May 2018,2,Q2 2018,2018-01-01,2018
